id,name,host_id,host_name,neighbourhood_group,neighbourhood,latitude,longitude,room_type,price,minimum_nights,number_of_reviews,last_review,reviews_per_month,calculated_host_listings_count,availability_365,number_of_reviews_ltm,license
2992450,Luxury 2 bedroom apartment,4621559,Kenneth,C,THIRD WARD,42.65789,-73.7537,Entire home/apt,70,28,9,17-08-2022,0.07,1,158,0,
3820211,Restored Precinct in Center Sq. w/Parking,19648678,Terra,F,SIXTH WARD,42.65222,-73.76724,Entire home/apt,116,2,305,31-07-2024,2.49,4,336,16,
5651579,Large studio apt  by Capital Center & ESP@,29288920,Gregg,B,SECOND WARD,42.64615,-73.75966,Entire home/apt,75,2,366,27-08-2024,3.22,2,34,40,
6623339,Center Sq. Loft in Converted Precinct w/ Parking,19648678,Terra,F,SIXTH WARD,42.65222,-73.76724,Entire home/apt,116,2,328,31-07-2024,2.91,4,279,25,
8035768,Entire Beautiful French Victorian 1884,42430824,John M,J,TENTH WARD,42.66088,-73.78147,Entire home/apt,305,2,56,28-01-2024,0.51,2,362,4,
8035784,Delightful French Victorian,42430824,John M,J,TENTH WARD,42.66063,-73.78115,Private room,199,3,18,25-07-2020,0.17,2,179,0,
9005989,"Studio in The heart of Center SQ, in Albany NY",17766924,Sugey,F,SIXTH WARD,42.65559,-73.76506,Entire home/apt,86,1,598,17-07-2024,6.08,1,159,34,
9501054,Spacious suite with full bath by Capital  Center,29288920,Gregg,B,SECOND WARD,42.64734,-73.75851,Private room,65,1,392,28-08-2024,3.75,2,71,39,
10768745,Alb hospital area studio bath wifi. (Red),5691268,Elizabeth,N,FOURTEENTH WARD,42.66078,-73.80553,Entire home/apt,50,1,697,30-08-2024,6.67,2,123,116,
11253948,/Fire Place Bungalow\ 1917 SUNY Eagle 6Beds 2Baths,4259750,Peter,O,FIFTEENTH WARD,42.67567,-73.82438,Entire home/apt,214,1,158,22-05-2024,1.57,9,354,30,
11639446,$55twin($30 foreign student)FreeBF Noa/c no smoke,61700428,Adam,K,ELEVENTH WARD,42.67583,-73.78297,Private room,55,1,231,29-02-2024,2.29,2,365,8,
12284708,"Well Lit Modern Room, Perfect Location Albany",36438637,Chad,J,TENTH WARD,42.65912,-73.78349,Private room,45,18,61,26-10-2019,0.6,4,308,0,
12799126,Private Room in the Hearth of the Albany,69729286,Musab,F,SIXTH WARD,42.65154,-73.76867,Private room,50,5,28,06-02-2024,0.57,2,307,2,
13083497,Pristine Cape Cod on the Creek - 4 Large Bedrooms,1364123,Akhilesh,O,FIFTEENTH WARD,42.66972,-73.82753,Entire home/apt,219,2,184,26-08-2024,1.85,1,316,18,
14316232,"Unique Modern Room, Perfect Location Albany",36438637,Chad,J,TENTH WARD,42.65726,-73.78219,Private room,45,18,51,02-09-2024,0.52,4,333,4,
14989805,/Miller Colonial\ 1946 SUNY Eagle Hill 5Bed 2Baths,4259750,Peter,O,FIFTEENTH WARD,42.673512,-73.819679,Entire home/apt,243,1,100,31-07-2024,1.05,9,287,20,
15580397,Albany Med/Downtown Albany/Colleges/BLUE ROOM.,89705052,Share,I,NINTH WARD,42.65651,-73.77887,Private room,60,2,43,31-07-2024,0.49,4,92,6,
16531782,On a little park in Albany pine hills. (Blue),5691268,Elizabeth,N,FOURTEENTH WARD,42.66075,-73.80605,Entire home/apt,70,1,425,28-08-2024,8.16,2,318,127,
17238066,"$53($25 foreign student)Twin, noa/cno
Smoke freeBF",61700428,Adam,E,FIFTH WARD,42.67614,-73.78169,Private room,53,3,132,01-08-2024,1.47,2,364,3,
17514620,Cozy Modern Room Perfect Location Albany,36438637,Chad,J,TENTH WARD,42.6584,-73.78309,Private room,45,18,54,07-04-2024,0.59,4,338,3,
18341426,/Sauna Ranch 1961\ SUNY Eagle Hill 4Beds 1Bath,4259750,Peter,O,FIFTEENTH WARD,42.67637,-73.82395,Entire home/apt,430,1,58,13-08-2024,0.73,9,365,1,
19527043,Charming 1 Bedroom in a Historic Residential Home,15223767,Ed,I,NINTH WARD,42.65312,-73.78161,Private room,70,1,80,30-08-2024,1.12,3,242,10,
19571496,Modern Studio Perfect Location Albany,36438637,Chad,J,TENTH WARD,42.6585,-73.78414,Private room,50,18,27,17-02-2024,0.36,4,338,2,
20519885,All The Comforts Of Home For You In Albany,67171774,Michael And Flerida,N,FOURTEENTH WARD,42.65846,-73.80201,Entire home/apt,275,4,101,06-07-2024,1.21,1,326,16,
20620135,/Red Warhol Ranch\ 1959 SUNY Eagle Hill 4beds1Bath,4259750,Peter,O,FIFTEENTH WARD,42.675,-73.82382,Entire home/apt,198,4,57,22-07-2024,0.68,9,363,2,
20633175,"Garden Apartment, on the Park, close to Capital.",65414985,James,G,SEVENTH WARD,42.64939,-73.76865,Entire home/apt,126,2,131,12-05-2024,1.67,2,328,1,
20671966,The Metropolitan,98744672,Bela,I,NINTH WARD,42.65532,-73.78244,Entire home/apt,75,2,41,21-05-2024,0.48,8,316,2,
21052414,Cozy bedroom with (2) walk-in closets,135717458,Chad,M,THIRTEENTH WARD,42.66565,-73.77975,Private room,40,18,42,26-07-2024,0.56,3,333,5,
21392315,The Blair Suite,98744672,Bela,I,NINTH WARD,42.65372,-73.78244,Entire home/apt,75,2,119,23-08-2024,1.44,8,335,18,
21449583,/zBig Blue Ranch\ 1962 SUNY Eagle Hill 4Beds 2Bath,4259750,Peter,O,FIFTEENTH WARD,42.67547,-73.82402,Entire home/apt,570,4,8,27-07-2018,0.1,9,365,0,
21752534,"NEW LISTING! Modern, completely updated, LOCATION!",152762198,Allen,J,TENTH WARD,42.66045,-73.77833,Entire home/apt,85,3,172,15-08-2024,2.08,9,357,19,
21769213,Cozy downstairs bedroom in quiet neighborhood!,135717458,Chad,K,ELEVENTH WARD,42.66572,-73.77834,Private room,35,18,26,10-08-2024,0.32,3,314,6,
21769439,Cozy upstairs room with (1) walk-in closet,135717458,Chad,K,ELEVENTH WARD,42.66703,-73.77842,Private room,37,18,23,31-08-2024,0.28,3,318,2,
22398196,Elegant Guest Suite in our beautiful Victorian!,98744672,Bela,I,NINTH WARD,42.65501,-73.78122,Private room,65,2,111,21-08-2024,1.37,8,291,13,
22431640,"Bright Central Apartment Near Hospital, Park and",108848737,Jake,G,SEVENTH WARD,42.64717,-73.77135,Entire home/apt,88,1,456,28-08-2024,5.89,2,59,33,
24120690,One Bedroom apartment with private entrance,156446839,Domini,N,FOURTEENTH WARD,42.65975,-73.81196,Private room,,2,121,02-02-2024,1.56,1,3,11,
24606880,The Western Suite,98744672,Bela,I,NINTH WARD,42.65431,-73.78178,Private room,65,2,45,08-08-2024,0.63,8,321,7,
24655782,‚≠ê‚≠êCheck it out! This apartmnt has a bunch of great,108848737,Jake,G,SEVENTH WARD,42.6477,-73.7714,Entire home/apt,81,1,397,31-08-2024,5.14,2,68,67,
25549565,Quiet and Pretty in the Heart of Center Square,9666970,Janet,F,SIXTH WARD,42.65345,-73.7645,Entire home/apt,84,1,853,17-08-2024,11.22,1,125,144,
25976514,City Feel - Green Room,31757246,Leiba,F,SIXTH WARD,42.65333,-73.77293,Private room,25,3,13,01-08-2024,0.17,1,338,1,
26139592,Garden Apartment in Ctr. Square: Monthly Discounts,6833937,Farah,F,SIXTH WARD,42.65403,-73.76325,Entire home/apt,98,2,118,02-09-2024,1.59,1,341,19,
27670660,The Rock & Roll Suite,98744672,Bela,I,NINTH WARD,42.65430832,-73.78177643,Private room,65,2,24,01-07-2024,0.36,8,313,4,
27692601,Albany Cozy home with fireplaces and Sunroom,202580880,Rosanne,H,EIGHTH WARD,42.64514,-73.80668,Entire home/apt,195,3,14,08-10-2022,0.2,1,179,0,
28341274,Private room in historic building on the park,54394342,Alice,F,SIXTH WARD,42.65821,-73.76917,Private room,75,1,73,03-09-2024,1.01,1,350,19,
28400263,Private Room in Historic Residential Home,15223767,Ed,I,NINTH WARD,42.65464,-73.78348,Private room,51,1,260,31-07-2024,3.68,3,235,28,
28519423,Albany Med/Downtown Albany/Colleges/RED ROOM.,89705052,Share,J,TENTH WARD,42.65746,-73.77904,Private room,60,2,66,23-08-2024,0.92,4,58,10,
28722270,‚úçHistoric Loft Suite @ Downtown Albany,44434571,Earl,B,SECOND WARD,42.64535,-73.75365,Entire home/apt,93,1,648,25-08-2024,9.2,7,339,47,
28868857,‚≠êCozy Garden Suite Full Amenities @Downtown Albany,44434571,Earl,B,SECOND WARD,42.64535,-73.75365,Entire home/apt,56,1,574,27-08-2024,8.23,7,338,74,
28929840,"Spacious
private suite and private bath",194113768,Rachel,D,FOURTH WARD,42.6737,-73.75313,Private room,95,1,7,09-06-2024,0.1,1,74,1,
29605579,Funky Urban 1 Bedroom Apt w/ Parking in Center Sq,19648678,Terra,F,SIXTH WARD,42.65235,-73.76714,Entire home/apt,102,2,91,28-07-2024,1.28,4,332,3,
30189794,Seashore Suite At The Inn on South Lake,98744672,Bela,I,NINTH WARD,42.6533,-73.78114,Private room,60,2,68,19-05-2024,1,8,69,7,
31210362,Nest in Hazel,160340958,Jon,O,FIFTEENTH WARD,42.67519,-73.82281,Private room,49,2,27,14-05-2023,0.39,1,356,0,
32279028,"Cosy, comfy and quiet for one",172223381,Diana,H,EIGHTH WARD,42.64936,-73.80278,Private room,,1,205,31-08-2024,3.04,2,0,23,
32450400,Moroccan Sands,97330032,Sherrell,D,FOURTH WARD,42.6761,-73.73825,Private room,122,3,0,,,1,179,0,
32993402,‚ú®Historic Full Amenities 2BR Apt @Downtown Albany,44434571,Earl,B,SECOND WARD,42.64563,-73.75311,Entire home/apt,106,1,420,25-08-2024,6.31,7,283,26,
33558235,"Historic, Spacious & Fun 2BR Apt @ Downtown Albany",44434571,Earl,B,SECOND WARD,42.64585,-73.75297,Entire home/apt,107,1,420,28-08-2024,6.41,7,345,34,
34330970,Muhammed Ali Lounge & Pool Hall ‚¨¢‚¨°,232967878,Diana,B,SECOND WARD,42.64335019,-73.75790437,Entire home/apt,140,1,283,11-08-2024,4.43,25,79,65,
35793179,Cozy Bedroom in Historic Residential Home,15223767,Ed,G,SEVENTH WARD,42.65259,-73.78223,Private room,51,1,174,20-08-2024,2.77,3,227,38,
35914565,The Poker Room ‚ô§ Downtown Albany,232967878,Diana,B,SECOND WARD,42.64506,-73.75727,Entire home/apt,100,1,290,17-08-2024,4.61,25,69,48,
36443605,Sophisticated Retreat: 2BR in heart of Albany,188679144,Elizabeth,M,THIRTEENTH WARD,42.66619,-73.79031,Entire home/apt,100,2,54,14-08-2024,0.86,8,365,5,
38321579,Comfy and quiet,172223381,Diana,H,EIGHTH WARD,42.65085,-73.80239,Private room,55,1,345,04-09-2024,5.68,2,153,101,
39093517,Secure Albany Stay w/ Workspace & Free Parking,299638115,Dominick And Flerida,F,SIXTH WARD,42.65507,-73.76138,Entire home/apt,167,4,40,01-08-2024,0.69,3,361,4,
39698576,Spacious Designer 1-Bed Near Albany Med,188679144,Elizabeth,I,NINTH WARD,42.65483,-73.78033,Entire home/apt,85,5,23,22-09-2023,0.39,8,365,1,
39836487,Completely Renovated Center Square Top FL Studio,306508346,Adem,F,SIXTH WARD,42.65547,-73.7651,Entire home/apt,78,1,287,02-09-2024,4.88,1,134,63,
39864828,Stunning Bungalo-style Loft in downtown Albany,10313615,Matthew,D,FOURTH WARD,42.66091,-73.74285,Entire home/apt,274,1,228,04-05-2024,4.03,1,195,11,
40491172,"Renovated, private parking,location, washer dryer!",152762198,Allen,M,THIRTEENTH WARD,42.66827,-73.79231,Entire home/apt,96,3,111,01-07-2024,1.92,9,311,19,
40828178,Comfortable! One Bedroom A/C Apartment Queen Bed,47491906,Lloyd,D,FOURTH WARD,42.67773,-73.73899,Entire home/apt,118,1,167,04-08-2024,2.95,1,3,1,
40897436,Historic Home Away from Home,50283047,Ellen,F,SIXTH WARD,42.65592,-73.76259,Entire home/apt,99,7,31,03-09-2024,0.54,1,68,6,
41319631,Modern Carriage in the Heart of Albany,59864591,Daniel,F,SIXTH WARD,42.65115,-73.7668,Entire home/apt,92,30,4,06-01-2023,0.1,1,215,0,
42009788,Center Square Sanctuary: Private 2-Bedroom Gem,188679144,Elizabeth,F,SIXTH WARD,42.65315,-73.76202,Entire home/apt,110,7,23,31-07-2024,0.41,8,294,3,
42092736,Private Bedroom in Cozy Ranch Home,41400541,John,N,FOURTEENTH WARD,42.66403,-73.81446,Private room,55,1,177,29-08-2024,3.2,1,142,62,
42389085,Charming Apt w/Patio: Walk to Downtown Albany,121680792,Evolve,C,THIRD WARD,42.6557,-73.75085,Entire home/apt,112,2,2,13-01-2024,0.04,6,247,1,
42391372,Central Albany Apartment: Walk to State Capitol!,121680792,Evolve,B,SECOND WARD,42.6469,-73.75761,Entire home/apt,178,3,27,27-10-2022,0.53,6,350,0,
42567833,Homey,339085327,Arkady,I,NINTH WARD,42.65567,-73.7854,Entire home/apt,200,70,0,,,1,365,0,
42763847,Charming dog friendly home with private yard!,649068,Anthony,A,FIRST WARD,42.63876,-73.78535,Entire home/apt,149,1,97,22-06-2024,1.82,1,122,12,
43208391,Historic Downtown Albany Apartment,272907816,Angela,B,SECOND WARD,42.64453,-73.75426,Entire home/apt,125,2,95,27-08-2024,1.98,4,84,22,
43459803,"Luxury Albany Apt. Secure, Modern, w/ Parking",299638115,Dominick And Flerida,F,SIXTH WARD,42.65556,-73.76205,Entire home/apt,179,4,16,02-04-2024,0.37,3,359,4,
43736299,*The Blue House* Incredible 3 Bedroom Apartment,349460842,Scott,J,TENTH WARD,42.66257,-73.78281,Entire home/apt,190,1,123,18-08-2024,2.42,10,359,19,
43955950,* Quaint home located in residential neighborhood*,232967878,Diana,H,EIGHTH WARD,42.64382638,-73.78925831,Entire home/apt,245,2,84,19-08-2024,1.65,25,75,21,
44180048,Historic Queen Studio Across from Washington Park!,355777684,Lloyd,F,SIXTH WARD,42.65935,-73.76805,Entire home/apt,129,1,350,18-08-2024,6.94,3,332,45,
44265426,Parkside Queen 1 Bedroom (1800's) Brownstone!,355777684,Lloyd,F,SIXTH WARD,42.66006,-73.76966,Entire home/apt,139,1,291,28-04-2024,5.83,3,325,25,
44450012,Spacious upscale luxury apartment with huge yard,353498132,Michael,H,EIGHTH WARD,42.64808,-73.7996,Entire home/apt,135,13,25,03-08-2024,0.51,5,280,5,
45024912,Private Apt Queen 1 Bed Sanctuary with many Extras,362851072,Elsa,N,FOURTEENTH WARD,42.66132,-73.7956,Entire home/apt,124,1,128,22-08-2024,2.61,1,277,15,
45074220,"Historic Albany, Loft Apartment",272907816,Angela,B,SECOND WARD,42.64454,-73.75369,Entire home/apt,105,2,32,11-08-2024,0.88,4,86,4,
45313545,Adorable & Trendy 1 Bd Apt Minutes to Albany Med!,165293595,Kori,I,NINTH WARD,42.6545,-73.78223,Entire home/apt,87,2,129,16-08-2024,2.73,1,172,38,
45334218,"3 bedrooms. Alb/Med, colleges, Dtwn Alb. Share",89705052,Share,J,TENTH WARD,42.65842,-73.77869,Private room,240,2,0,,,4,20,0,
45528939,UNIQUE Gem in HEART of Albany ‚òÖ Spiral Staircase,47625981,Linda,B,SECOND WARD,42.64801,-73.75668,Entire home/apt,120,1,96,07-07-2024,2.19,16,349,16,
45529316,WOW ‚òÖ Bright Apt ‚òÖ PRIME downtown Walk Everywhere,47625981,Linda,B,SECOND WARD,42.64821,-73.75793,Entire home/apt,120,1,107,18-08-2024,2.43,16,337,20,
45529447,‚òÖ 2 BEDROOM / 1 BATH TRENDY Apt ‚òÖ Downtown Albany,47625981,Linda,B,SECOND WARD,42.64713,-73.75628,Entire home/apt,140,1,134,17-08-2024,3.06,16,342,21,
45804322,Home in Heart of Pine Hills,124848440,Emilie,J,TENTH WARD,42.66137,-73.7904,Private room,100,1,162,14-08-2024,3.42,1,90,35,
46894493,Our Antique Bungalow,69789449,Dan,I,NINTH WARD,42.65311,-73.78525,Entire home/apt,190,1,227,02-09-2024,5.21,1,291,56,
47334913,"Newly renovated,Amazing Location,private parking",152762198,Allen,M,THIRTEENTH WARD,42.66646,-73.79184,Entire home/apt,94,3,78,03-09-2024,1.78,9,155,24,
47345872,Bright large 1 bdr loft in Center Sq -free parking,19648678,Terra,F,SIXTH WARD,42.65345,-73.76663,Entire home/apt,115,1,51,20-08-2024,1.17,4,346,11,
47408047,"Quiet cozy apartment, private laundry, great spot!",152762198,Allen,N,FOURTEENTH WARD,42.67156,-73.80883,Entire home/apt,79,3,57,30-08-2024,1.32,9,355,22,
47440071,Lux Loft Suite in Historic Jesse Buel House,382970529,Thomas,M,THIRTEENTH WARD,42.6692,-73.79849,Private room,132,2,143,27-08-2024,3.23,12,55,39,
47828453,"Safe 2BR Albany Apt w/ Parking, ideal 4 Long Stays",299638115,Dominick And Flerida,C,THIRD WARD,42.656,-73.76123,Entire home/apt,172,4,18,02-04-2024,0.41,3,361,3,
47902629,"Renovated 2br/2ba, close to Alb Med & St. Petes.",21886921,David,M,THIRTEENTH WARD,42.66744,-73.79216,Entire home/apt,125,14,7,01-01-2024,0.17,2,364,1,
47943571,Downtown Albany 1 Bed + Workstation @ Maiden Lane,385664127,Dillon,C,THIRD WARD,42.65118087,-73.75273894,Entire home/apt,102,2,148,21-08-2024,3.42,2,257,38,
48052353,*The Rustic Home* 3 Bedroom Second Floor Apartment,349460842,Scott,J,TENTH WARD,42.66261,-73.78332,Entire home/apt,190,1,148,16-06-2024,3.41,10,345,20,
48124042,Downtown Albany 2 Bedroom + Workstation @ The Mark,385664127,Dillon,C,THIRD WARD,42.64981845,-73.75090228,Entire home/apt,107,1,194,01-07-2024,5.17,2,220,53,
48172884,The Down Under Suite,98744672,Bela,I,NINTH WARD,42.65399,-73.78126,Private room,55,2,65,07-07-2024,1.52,8,340,29,
48470454,"/ New Giant Victorian \ 7beds 6 baths + 2x 85"" TVs",4259750,Peter,M,THIRTEENTH WARD,42.66526413,-73.78692627,Entire home/apt,507,2,34,01-08-2024,1.31,9,349,13,
49886937,VACATION TIME,219746338,Nicola,D,FOURTH WARD,42.65854,-73.74926,Shared room,45,1,0,,,1,355,0,
50088935,Quiet 2-bedroom condo in the heart of Albany,172658781,Jessica,M,THIRTEENTH WARD,42.66972,-73.79544,Entire home/apt,99,60,4,30-11-2022,0.11,3,299,0,
50171851,Beautiful Center Square Garden-Level Unit,48490017,Todd,F,SIXTH WARD,42.65157,-73.76546,Entire home/apt,119,2,167,31-08-2024,4.48,1,108,47,
50207226,‚òÖ RARE 1BR Apt with Character GREAT Location! W/D‚òÖ,47625981,Linda,D,FOURTH WARD,42.65888,-73.74673,Entire home/apt,115,1,74,18-08-2024,1.87,16,355,8,
50211226,Quiet Studio By Washington Park | Walkable!,105597161,Kate And Jake,K,ELEVENTH WARD,42.66034,-73.77163,Entire home/apt,112,2,165,29-08-2024,5.05,1,340,46,
50354540,Heart of Center Square: Designer 2-Bed Retreat,188679144,Elizabeth,F,SIXTH WARD,42.65333,-73.76402,Entire home/apt,200,3,13,01-08-2024,0.33,8,365,4,
50639032,"Sunny Queen bed, Quiet w/Beautiful Garden",172539578,David Yisrael,O,FIFTEENTH WARD,42.67945,-73.81647,Private room,64,3,39,20-08-2024,1.09,2,179,3,
50890336,"‚òÖCHIC, Renovated Brownstone‚òÖ in PRIME DT Albany",47625981,Linda,D,FOURTH WARD,42.65901,-73.74748,Entire home/apt,120,1,45,25-07-2024,1.19,16,308,7,
51230498,"Chic-romantic, center-city, hotel-style apartment.",414738935,Sonya,C,THIRD WARD,42.66064,-73.76074,Entire home/apt,93,1,222,17-08-2024,5.85,1,75,37,
51461480,üçÉChic & Cozy Near Washington Park Garden Suite,416799784,Rosie,J,TENTH WARD,42.65969,-73.77564,Entire home/apt,89,7,23,31-08-2024,0.66,1,55,2,
51503537,Walk to Everything Downtown Albany! Luxury Apt!,394420519,All Seasons,C,THIRD WARD,42.65061,-73.75006,Entire home/apt,113,4,8,02-04-2024,0.22,1,175,1,
51560588,Steps 2 Capital,392074908,Jerry,F,SIXTH WARD,42.65431,-73.75997,Entire home/apt,,365,42,10-09-2023,1.13,4,364,1,
51579900,‚òÖMODERN 1BR GREAT Location Downtown! W/D Parking!‚òÖ,47625981,Linda,D,FOURTH WARD,42.65856,-73.74866,Entire home/apt,115,1,72,01-08-2024,1.93,16,356,12,
51592836,Lovely 1 Bedroom Unit In Historic Brownstone!,60293220,David,C,THIRD WARD,42.65843553,-73.74977589,Entire home/apt,99,2,84,17-08-2024,2.37,3,353,25,
51710034,Empire Plaza View I,392074908,Jerry,F,SIXTH WARD,42.65269,-73.76076,Entire home/apt,88,2,35,05-08-2024,0.95,4,355,6,
51960331,"Tuscan Garden Apt at Caf√© Capriccio Albany, NY",418024477,Marlene,B,SECOND WARD,42.64684,-73.75614,Entire home/apt,125,1,95,02-08-2024,2.63,1,172,18,
51964868,Center Square,392074908,Jerry,F,SIXTH WARD,42.65442,-73.7611,Entire home/apt,88,2,52,15-10-2023,1.43,4,311,2,
52152157,"Modern space, everything you could want!",152762198,Allen,A,FIRST WARD,42.63066,-73.77357,Entire home/apt,106,3,58,11-08-2024,1.62,9,156,15,
52225409,3 bedroom single family home w/ off street parking,207800855,Iris,L,TWELFTH WARD,42.68553,-73.79716,Entire home/apt,124,3,48,30-08-2024,1.39,3,88,23,
52241973,Garden Apartment in Historic Center Square Home,35465673,Jason,F,SIXTH WARD,42.65641,-73.76413,Entire home/apt,87,1,256,18-08-2024,7.28,1,58,91,
52301345,Washington Park Brownstone-Large Luxury Bedroom 1,49100926,Clyde,F,SIXTH WARD,42.65934,-73.76966,Private room,100,2,4,16-08-2022,0.13,4,246,0,
52359404,3 bedroom quiet neighborhood w/ off street parking,207800855,Iris,O,FIFTEENTH WARD,42.67044,-73.82573,Entire home/apt,130,3,106,02-09-2024,2.99,3,349,42,
52360097,Empire Plaza View II,392074908,Jerry,F,SIXTH WARD,42.65386,-73.75958,Entire home/apt,88,2,74,18-08-2024,2.06,4,355,15,
52611613,* Adorable home w/parking near great restaurants *,232967878,Diana,I,NINTH WARD,42.65673773,-73.79221447,Entire home/apt,190,2,117,19-08-2024,3.32,25,178,32,
52619545,* Centrally located Eclectic vibe 2 bed w/parking,232967878,Diana,M,THIRTEENTH WARD,42.67181,-73.79543,Entire home/apt,125,2,73,07-07-2024,2.06,25,81,11,
52691284,+ Perfect place to make memories with loved ones +,232967878,Diana,J,TENTH WARD,42.66236,-73.79245,Entire home/apt,600,2,74,18-08-2024,2.1,25,74,24,
52836323,*Hidden gem w/in walking distance to Madison Ave *,232967878,Diana,M,THIRTEENTH WARD,42.67131,-73.7921,Entire home/apt,145,1,78,15-08-2024,2.38,25,80,34,
52837196,‚òÖMODERN 1BR Apt w/ PRIVATE deck! W/D‚òÖ,47625981,Linda,D,FOURTH WARD,42.65812,-73.74837,Entire home/apt,115,1,64,03-05-2024,1.83,16,355,12,
52863776,Washington Parkside 1 Bedroom In 1800s Brownstone!,355777684,Lloyd,F,SIXTH WARD,42.65826,-73.76944,Entire home/apt,139,1,172,31-08-2024,4.94,3,344,49,
52923647,Cozy 3BR House in Whitehall near DT Albany,428451585,Erwin,H,EIGHTH WARD,42.64792,-73.79953,Entire home/apt,250,3,0,,,1,364,0,
53115382,Cozy 1-bdrm apt with off street parking,207800855,Iris,O,FIFTEENTH WARD,42.67004,-73.82367,Entire home/apt,,2,27,24-05-2023,0.79,3,0,0,
53312101,* 1 bed near Times Union center & Egg w/parking *,232967878,Diana,B,SECOND WARD,42.64369099,-73.7581024,Entire home/apt,95,2,52,27-07-2024,1.52,25,62,19,
53483727,Spacious Urban APT w/4BR & Office in Albany,433096110,Brian,N,FOURTEENTH WARD,42.65824,-73.80114,Entire home/apt,214,1,136,25-08-2024,4.18,3,246,47,
53567589,Private Garden Apt in Downtown Albany|Pets Allowed,433096110,Brian,F,SIXTH WARD,42.65204,-73.76655,Entire home/apt,99,1,223,25-08-2024,6.7,3,330,77,
53645427,‚òÖ BEAUTIFUL  2 BED 2 BATH  w/ SOAKER TUB + W/D‚òÖ,47625981,Linda,D,FOURTH WARD,42.65913,-73.74722,Entire home/apt,150,1,98,08-08-2024,2.94,16,341,32,
53860077,/ Gorgeous Garden Getaway\ 1943 SUNY Eagle Hill,4259750,Peter,O,FIFTEENTH WARD,42.674675,-73.822861,Entire home/apt,212,1,23,24-08-2024,0.76,9,360,10,
53939991,Walk to Albany Med/New Scotland‚Äôs Restaurant Row,30883612,Mary,I,NINTH WARD,42.65302,-73.7875,Entire home/apt,84,30,1,06-03-2022,0.03,2,364,0,
53971505,Charming 1 Bdrm Garden Apt in Historic Brownstone,60293220,David,D,FOURTH WARD,42.65873,-73.7494,Entire home/apt,,13,3,31-12-2022,0.1,3,365,0,
54097694,B Unieke,438504176,Roland,B,SECOND WARD,42.64683,-73.75662,Entire home/apt,300,1,0,,,1,364,0,
54126420,Beautiful 1 bedroom in a quiet residential area.,37769478,Erion,J,TENTH WARD,42.66261,-73.79026,Entire home/apt,70,1,84,03-09-2024,3.08,10,362,28,
54126421,Beautiful Apartment in the heart of Albany,37769478,Erion,F,SIXTH WARD,42.65422,-73.76996,Entire home/apt,100,1,61,01-09-2024,2.05,10,355,26,
54126427,Beautiful 1 bedroom In the heart of Albany,37769478,Erion,F,SIXTH WARD,42.65403,-73.77056,Entire home/apt,100,1,102,08-04-2024,3.15,10,324,3,
54128829,Modern & Cozy Cntr Square Townhouse Gem from 1854,265709295,Richard & Priscela,F,SIXTH WARD,42.65594,-73.76591,Entire home/apt,182,1,214,21-08-2024,6.91,2,330,58,
54150131,Charming 170-Year-Old Home in the Heart of Albany,432936385,Jared,F,SIXTH WARD,42.65142474,-73.76496628,Entire home/apt,167,1,164,31-08-2024,5.46,1,317,78,
54232383,Lovely 2 bedroom unit with indoor fireplace.,272907816,Angela,B,SECOND WARD,42.64459,-73.75392,Entire home/apt,125,2,5,06-11-2022,0.2,4,5,0,
54369238,"Cozy townhouse, close to hospital, free parking!",152762198,Allen,I,NINTH WARD,42.65578,-73.78641,Entire home/apt,99,3,37,24-08-2024,1.56,9,147,16,
54369240,Lovely 1 bedroom rental close to Alb Med!,152762198,Allen,J,TENTH WARD,42.65905,-73.77964,Entire home/apt,80,3,46,01-08-2024,1.65,9,329,19,
5.52126E+17,Washington Park Brownstone-Large Luxury Bedroom 2,49100926,Clyde,F,SIXTH WARD,42.65902,-73.7701,Private room,110,2,4,20-01-2023,0.13,4,246,0,
5.53841E+17,Washington Park Brownstone-Large Private Lux Rm 3,49100926,Clyde,F,SIXTH WARD,42.6595,-73.76938,Private room,100,2,4,02-07-2023,0.13,4,246,0,
5.54082E+17,Washington Park Brownstone- Large Luxury Bedroom 4,49100926,Clyde,F,SIXTH WARD,42.6598,-73.76995,Private room,100,2,6,02-10-2022,0.19,4,246,0,
5.5925E+17,Cozy 1 bedroom with office and luxurious King size,433884293,Uniah,I,NINTH WARD,42.66062,-73.79112,Entire home/apt,75,6,2,26-06-2023,0.09,1,363,0,
5.63712E+17,/Purple Potty Penthouse\ 1928 Pine Hill 4Bed 1Bath,4259750,Peter,M,THIRTEENTH WARD,42.66919,-73.78672,Entire home/apt,191,2,8,05-08-2024,0.26,9,364,2,
5.65172E+17,Lovely 1 bed apartment close to MVP Arena,232967878,Diana,B,SECOND WARD,42.64342,-73.75742,Entire home/apt,121,1,87,10-08-2024,2.81,25,74,31,
5.81058E+17,‚óÜUNIQUE‚óÜ spacious LOFT with photo studio w/d!,47625981,Linda,C,THIRD WARD,42.65848,-73.76359,Entire home/apt,115,1,41,18-08-2024,1.36,16,361,6,
5.88298E+17,Modern one bedroom with free off street parking,353498132,Michael,B,SECOND WARD,42.64441,-73.75647,Entire home/apt,110,13,11,08-05-2024,0.41,5,264,3,
5.93272E+17,Lux Suite at the Historic Jesse Buel House.,382970529,Thomas,M,THIRTEENTH WARD,42.66911,-73.79869,Private room,134,1,102,13-08-2024,3.85,12,71,40,
5.97655E+17,Newly refurbished 2 bedroom close to Lark,30920241,Miri,F,SIXTH WARD,42.65314,-73.76787,Entire home/apt,214,2,9,12-06-2024,0.32,2,85,2,
6.10091E+17,Cozy rental near hospitals! Off street parking,40548251,Reyana,I,NINTH WARD,42.652049,-73.7949665,Entire home/apt,120,2,53,02-09-2024,2.4,1,339,29,
6.17242E+17,Iconic City Center Apt in Downtown | Pets Allowed,433096110,Brian,F,SIXTH WARD,42.65353,-73.7679,Entire home/apt,113,1,138,24-08-2024,4.86,3,89,53,
6.18673E+17,"Huge loft with a king bed, balcony and park views",2554853,Nim,F,SIXTH WARD,42.65547943,-73.76625061,Entire home/apt,135,5,7,27-07-2024,0.31,1,182,3,
6.19695E+17,Modern luxury one bedroom with off street parking,353498132,Michael,B,SECOND WARD,42.64489,-73.75731,Entire home/apt,120,13,10,01-08-2024,0.39,5,31,5,
6.20481E+17,"Lovely renovated, 2-bedroom home with free parking",457678547,Najeem Adegbemiga,G,SEVENTH WARD,42.640217,-73.780815,Entire home/apt,140,2,16,22-07-2024,0.64,1,360,6,
6.2196E+17,One-of-a-Kind Luxe Urban Farmhouse w/ Heated Pool,382970529,Thomas,N,FOURTEENTH WARD,42.66762,-73.79919,Entire home/apt,1379,2,11,28-07-2024,0.42,12,332,6,
6.23102E+17,Walk everywhere! Stylish apartment for up to 5,1176120,Julia,C,THIRD WARD,42.65723,-73.75684,Entire home/apt,89,1,149,02-09-2024,5.28,3,75,36,
6.25347E+17,Charming Garden Apartment in Center Square,12742779,Kathryn,F,SIXTH WARD,42.65347,-73.7662,Entire home/apt,95,1,232,24-08-2024,8.48,1,129,102,
6.28163E+17,‚òÖSPACIOUS 1BR Apt w/ Character 10ft Ceilings W/D!‚òÖ,47625981,Linda,B,SECOND WARD,42.64528,-73.75861,Entire home/apt,120,1,47,04-08-2024,1.72,16,351,13,
6.28824E+17,Clean lines and accessible Convenient Location!,7164949,Jordan,C,THIRD WARD,42.66169975,-73.76466828,Private room,68,2,0,,,1,88,0,
6.31035E+17,‚òÖPRIVATE 1 BDRM Newly Renovated Apt W/D Patio‚òÖ,47625981,Linda,B,SECOND WARD,42.64558,-73.75928,Entire home/apt,100,1,49,21-07-2024,1.77,16,358,12,
6.31779E+17,Lovely 3-bedroom apartment with indoor fireplace.,272907816,Angela,B,SECOND WARD,42.645252,-73.753433,Entire home/apt,,2,17,10-06-2024,0.9,4,0,10,
6.34108E+17,Perfect for Families and Traveling Professionals,119340359,Lori,F,SIXTH WARD,42.65323,-73.76797,Entire home/apt,216,30,101,28-07-2024,3.68,2,122,27,
6.36902E+17,Cozy Private Room in a Residential House in Albany,376794541,Neha,K,ELEVENTH WARD,42.6635364,-73.7778236,Private room,47,10,21,16-08-2023,0.81,3,85,0,
6.4657E+17,Peaceful 2 bedroom condo in the heart of Albany,172658781,Jessica,M,THIRTEENTH WARD,42.66897,-73.79653,Entire home/apt,95,24,0,,,3,91,0,
6.49974E+17,Modern luxury studio with free off street parking,353498132,Michael,B,SECOND WARD,42.64625,-73.75663,Entire home/apt,89,14,7,31-07-2024,0.28,5,239,2,
6.53434E+17,Lovely apartment in heart of Albany,1761578,Grant,F,SIXTH WARD,42.65389,-73.76538,Entire home/apt,130,2,5,01-08-2024,0.28,3,90,4,
6.54303E+17,‚òÖ Private 1 bdrm w/ backyard access ‚òÖ In-unit W/D,47625981,Linda,D,FOURTH WARD,42.65752,-73.74743,Entire home/apt,115,1,48,02-08-2024,1.84,16,337,15,
6.57131E+17,Lovely Garden Apt. in Historic Brownstone,166246610,Shawn,C,THIRD WARD,42.65795,-73.75092,Entire home/apt,101,4,17,01-08-2024,0.66,1,262,7,
6.58161E+17,Lovely artist 1 bedroom apartment close to LARK,30920241,Miri,F,SIXTH WARD,42.65128,-73.7686,Entire home/apt,207,30,1,28-06-2024,0.43,2,64,1,
6.58638E+17,CHEERFULL 3 BEDROOM HOME WITH FREE PARKING.,466389096,Patrice,A,FIRST WARD,42.6374547,-73.7716647,Entire home/apt,159,5,5,22-09-2023,0.19,2,251,2,
6.62133E+17,Beautiful 4 bedroom house Large eat in kitchen,466389096,Patrice,A,FIRST WARD,42.6378819,-73.7715269,Entire home/apt,139,7,2,12-08-2024,0.08,2,338,1,
6.67645E+17,Pied-a-terre albany,439560254,Sean,F,SIXTH WARD,42.65541381,-73.76367521,Entire home/apt,130,2,88,25-08-2024,3.43,1,84,34,
6.68608E+17,The Rose Room at Historic Buel House,382970529,Thomas,N,FOURTEENTH WARD,42.66758,-73.7992,Private room,99,2,117,20-08-2024,4.48,12,68,47,
6.68608E+17,The Silk and Sun Room at Historic Jesse Buel House,382970529,Thomas,N,FOURTEENTH WARD,42.66764,-73.79908,Private room,99,1,96,01-09-2024,3.69,12,70,38,
6.77623E+17,**New Listing! Modern 2 bdrm Apt in Mansion Area!,203631769,Johnny,B,SECOND WARD,42.64531,-73.75963,Entire home/apt,,2,28,29-09-2023,1.12,1,0,1,
6.81241E+17,Tranquil Master Bedroom,376794541,Neha,K,ELEVENTH WARD,42.66305,-73.77726,Private room,52,7,7,31-03-2024,0.4,3,78,3,
6.81264E+17,"Comfy private room in a Residential House, Albany",376794541,Neha,K,ELEVENTH WARD,42.66286,-73.77817,Private room,47,20,13,30-04-2024,0.51,3,85,4,
6.81952E+17,Albany-2 bedrooms apt (1st fl) A&A-Sisters Rental,461579260,Md,B,SECOND WARD,42.646896,-73.757612,Entire home/apt,140,1,3,31-03-2024,0.16,2,0,1,
6.82688E+17,Lovely 4 bed 2 bath located near St Rose,232967878,Diana,J,TENTH WARD,42.66172,-73.78497,Entire home/apt,179,1,113,18-08-2024,4.44,25,74,49,
6.841E+17,Cozy 1BR with Patio in the Heart of Albany,1176120,Julia,C,THIRD WARD,42.65732,-73.75676,Entire home/apt,89,1,99,18-08-2024,3.89,3,80,39,
6.87497E+17,Albany-3 bedrooms apt (2nd fl) A&A-Sisters Rental,461579260,Md,B,SECOND WARD,42.64621,-73.75723,Entire home/apt,170,1,4,28-05-2023,0.17,2,12,0,
6.88355E+17,Albany-3 bedrooms apt (3rd fl) A&A-Sisters Rental,474123093,Lipa,B,SECOND WARD,42.646896,-73.757612,Entire home/apt,171,1,17,30-06-2024,0.68,1,349,5,
6.89719E+17,"Elegant, spacious studio apt in historic mansion",1717342,David,F,SIXTH WARD,42.65405765,-73.760713,Entire home/apt,104,1,202,03-09-2024,8.09,2,233,103,
6.92808E+17,Relax in Style by Washington Park - Free Parking,67337944,Rabia,K,ELEVENTH WARD,42.6623,-73.777,Entire home/apt,125,1,97,02-09-2024,4.72,1,135,54,
6.99074E+17,Luxurious 2 bedroom 2 bathroom. Private parking.,476189412,Timothy,B,SECOND WARD,42.6468502,-73.7587258,Entire home/apt,299,30,5,14-05-2023,0.21,2,100,0,
7.03552E+17,Cozy Albany Home,3650672,Zuhair,M,THIRTEENTH WARD,42.67075411,-73.79704357,Entire home/apt,168,2,3,25-08-2024,2.14,1,203,3,
7.0566E+17,Luxurious one bedroom with off-street parking,353498132,Michael,B,SECOND WARD,42.64577,-73.7583,Entire home/apt,110,13,5,17-08-2024,0.24,5,286,2,
7.12543E+17,"Downtown Historic 2 Bedroom en-suite,private lot",476189412,Timothy,B,SECOND WARD,42.6468502,-73.7587258,Entire home/apt,299,30,8,01-06-2024,0.34,2,25,2,
7.14335E+17,Private bedroom close to St. peter and Albany Med,9318285,Mesut,J,TENTH WARD,42.65893,-73.78437,Private room,60,3,3,10-08-2024,0.13,2,363,2,
7.17373E+17,Centrally located 2 bed w/ off street parking,232967878,Diana,M,THIRTEENTH WARD,42.6732,-73.79199,Entire home/apt,135,1,45,18-08-2024,1.99,25,77,18,
7.23957E+17,"Modern home, King Bed 4 bed 2bath, Crib, parking",10279606,Nori,I,NINTH WARD,42.65691,-73.78389,Entire home/apt,197,1,180,29-08-2024,8.19,2,286,102,
7.24567E+17,Cozy Greenwood Flat (1 BDR Apartment in Albany),360287870,Mela,F,SIXTH WARD,42.6513719,-73.7673156,Entire home/apt,117,2,43,01-09-2024,3.5,1,95,42,
7.33965E+17,Historic 1 bed/ 1 bath,502037254,Andrew,F,SIXTH WARD,42.65035,-73.76549,Entire home/apt,68,14,1,26-03-2023,0.06,3,35,0,
7.3588E+17,Modern & Homey 1BD/1BA Fl 1 Apt @ Downtown Albany,44434571,Earl,C,THIRD WARD,42.64564,-73.75261,Entire home/apt,92,1,58,30-08-2024,2.57,7,344,34,
7.36894E+17,Lovely private room in center square for $700/mo,77367219,Elizabeth,F,SIXTH WARD,42.65643,-73.76402,Private room,60,30,2,28-11-2022,0.09,1,338,0,
7.37574E+17,4 bed all on one floor,232967878,Diana,J,TENTH WARD,42.66069,-73.78555,Entire home/apt,185,1,43,17-08-2024,1.95,25,86,15,
7.39723E+17,Adirondack Suite #1,98744672,Bela,I,NINTH WARD,42.6543178,-73.7818222,Private room,55,2,24,17-05-2024,1.06,8,350,13,
7.436E+17,Cozy apartment 2min walk to Albanymed office space,484673863,Blossom Estates,I,NINTH WARD,42.65569,-73.77685,Entire home/apt,103,2,7,03-08-2024,0.34,2,314,3,
7.44431E+17,"1 Bedroom on Lincoln Park, near Lark and Downtown",65414985,James,G,SEVENTH WARD,42.6496,-73.76792,Entire home/apt,94,2,20,11-08-2024,1.17,2,328,16,
7.50749E+17,Clean Escape- Centrally located- Self Check-In,255839958,Kira,G,SEVENTH WARD,42.64284,-73.77997,Entire home/apt,131,1,17,06-08-2024,0.78,1,291,6,
7.51421E+17,Modern- Cozy Center City 2 Bedroom Apartment Style,486073806,Keneisha,E,FIFTH WARD,42.66648,-73.76831,Entire home/apt,114,2,25,31-07-2024,1.33,1,360,17,
7.52119E+17,Cozy luxury brownstone w/ parking & yard,258664571,Vorakij,B,SECOND WARD,42.64439385,-73.75975702,Entire home/apt,139,2,66,01-09-2024,3.55,2,348,45,
7.52337E+17,Penthouse Brownstone w/ luxury amenities,258664571,Vorakij,B,SECOND WARD,42.6444412,-73.7597141,Entire home/apt,120,1,64,02-09-2024,3.77,2,352,50,
7.56753E+17,Private Room in the Center of the Albany,69729286,Musab,F,SIXTH WARD,42.65259,-73.76732,Private room,50,5,15,23-03-2024,0.73,2,92,6,
7.57342E+17,Elegant Studio in Center Square,188679144,Elizabeth,F,SIXTH WARD,42.65534,-73.76461,Entire home/apt,70,7,12,26-04-2024,0.55,8,341,5,
7.57978E+17,Charming location near universities & hospital,232967878,Diana,M,THIRTEENTH WARD,42.67348,-73.7934,Entire home/apt,128,2,37,31-07-2024,1.99,25,67,22,
7.61142E+17,"Great place in the heart of Albany, with Parking",37769478,Erion,F,SIXTH WARD,42.65405,-73.76953,Entire home/apt,95,1,43,11-08-2024,2.05,10,357,28,
7.64509E+17,Rest+Restore Room ‚Ä¢ Short & Extended Stay ‚Ä¢,6203319,Melissa,J,TENTH WARD,42.66117,-73.79091,Private room,75,1,23,31-08-2024,1.07,3,89,16,
7.74701E+17,Entire cozy unit in Albany,261036923,Hasan,N,FOURTEENTH WARD,42.6601,-73.80719,Entire home/apt,70,1,47,24-08-2024,2.3,1,225,22,
7.75646E+17,Casa Coquette + King Bed+ Center Square 2 min.,115597810,Massi,F,SIXTH WARD,42.6518469,-73.7642072,Entire home/apt,145,2,43,01-09-2024,2.09,1,282,22,
7.86181E+17,Center Square Gem: Junior 1 Bedroom,188679144,Elizabeth,C,THIRD WARD,42.65653,-73.76223,Entire home/apt,74,1,3,27-01-2024,0.23,8,322,2,
7.86197E+17,Mansion in Albany 7minutes to Downtown Albany,444163492,Drasana,D,FOURTH WARD,42.67996,-73.75352,Entire home/apt,,30,13,25-02-2024,0.69,1,0,7,
7.86228E+17,Glamorous 1BR Retreat in Center Square,188679144,Elizabeth,F,SIXTH WARD,42.65322,-73.76249,Entire home/apt,121,2,3,18-02-2024,0.26,8,360,3,
7.86316E+17,Elegant newly renovated cozy smart apartment,253824490,Tomar & Kash,E,FIFTH WARD,42.65915031,-73.75431933,Entire home/apt,80,2,35,31-07-2024,1.81,1,15,11,
7.87024E+17,*The Allen House* Gorgeous Apartment - Sleeps 8,349460842,Scott,N,FOURTEENTH WARD,42.6653,-73.7943,Entire home/apt,226,1,78,02-09-2024,4.2,10,336,57,
7.88301E+17,Spacious 2 bed w/parking,232967878,Diana,B,SECOND WARD,42.64324,-73.75732,Entire home/apt,150,1,58,18-08-2024,2.83,25,81,26,
7.93223E+17,Cozy & Boho One Bed Apartment,462767507,Joshua,F,SIXTH WARD,42.65489,-73.77061,Entire home/apt,92,3,17,25-08-2024,0.89,3,333,9,
7.94723E+17,Updated 3/1 unit for Professionals and Families,20144241,Carla,E,FIFTH WARD,42.67283,-73.77367,Entire home/apt,86,3,8,31-07-2024,0.51,1,334,5,
7.95542E+17,Victorian Mansion on Washington Park,493882819,Terra,I,NINTH WARD,42.656329,-73.7752048,Private room,,1,5,18-08-2024,0.38,6,0,4,
7.96231E+17,Washington Park Inn - Room 4,493882819,Terra,I,NINTH WARD,42.65582,-73.77541,Private room,127,1,10,30-06-2024,0.73,6,344,8,
7.97455E+17,Albany Medical/colleges/Downtown Albany/Green ROOM,89705052,Share,J,TENTH WARD,42.65741,-73.78034,Private room,60,2,11,03-04-2024,0.56,4,87,4,
7.98715E+17,Cozy 1st Floor Apartment near the NYS Museum,491607190,Abba,F,SIXTH WARD,42.65038,-73.76664,Entire home/apt,115,1,9,04-08-2024,0.47,2,25,6,
8.02217E+17,Washington Park Inn - Room 6,493882819,Terra,F,SIXTH WARD,42.65751,-73.77409,Private room,127,1,5,10-02-2024,0.38,6,347,2,
8.03605E+17,3br/2ba Near Alb Med & St.Petes.,21886921,David,N,FOURTEENTH WARD,42.66691,-73.79338,Entire home/apt,125,14,2,19-06-2024,0.14,2,318,1,
8.03682E+17,Modern and Cozy Pine Hills Home from Early 1900s,265709295,Richard & Priscela,M,THIRTEENTH WARD,42.6702921,-73.7907283,Entire home/apt,181,1,7,09-06-2024,1.27,2,350,7,
8.03814E+17,Washington Park Inn - Room 5,493882819,Terra,I,NINTH WARD,42.656329,-73.775205,Private room,127,1,5,07-07-2024,0.36,6,352,2,
8.03868E+17,Washington Park Inn - Room 1,493882819,Terra,I,NINTH WARD,42.656329,-73.775205,Private room,127,1,8,09-06-2024,0.58,6,346,4,
8.06768E+17,& Modern Luxury Cottage in Central ALB,110453341,Alexis,E,FIFTH WARD,42.6684126,-73.7684199,Entire home/apt,103,1,32,21-08-2024,1.64,1,269,15,
8.09525E+17,Two bedroom apartment near hospitals pet friendly,172658781,Jessica,I,NINTH WARD,42.65613972,-73.79212238,Entire home/apt,90,30,0,,,3,112,0,
8.1364E+17,The front room w/ TV and king size bed,116935236,Fs,M,THIRTEENTH WARD,42.67143615,-73.7903255,Private room,55,2,11,19-08-2024,0.83,4,354,7,
8.16085E+17,Cozy Apartment across the Park,37769478,Erion,F,SIXTH WARD,42.65258,-73.76917,Entire home/apt,80,1,30,09-04-2024,1.56,10,278,14,
8.21566E+17,COMFY Room/w Private BATH + TV,177073982,Cristian,N,FOURTEENTH WARD,42.66109,-73.80479,Private room,55,2,3,30-11-2023,0.16,2,246,1,
8.23276E+17,Cozy Home 5 Minute Walk to Albany Medical Center,500360485,Manjano,F,SIXTH WARD,42.65184046,-73.77073691,Entire home/apt,,7,0,,,1,0,0,
8.26302E+17,2 br apt 2 min walk to albanymed offstreet parking,484673863,Blossom Estates,I,NINTH WARD,42.65613,-73.77469,Entire home/apt,111,1,17,28-01-2024,0.9,2,270,2,
8.31123E+17,Boho-Chic Cape Conveniently Located,210596861,Craig,O,FIFTEENTH WARD,42.67076,-73.82612,Entire home/apt,214,2,73,02-09-2024,4.03,1,101,45,
8.41524E+17,Mellow Cove,462042479,Natasha,F,SIXTH WARD,42.66007584,-73.76976949,Entire home/apt,120,3,6,09-07-2024,0.49,2,361,5,
8.41524E+17,Cozy Cove Away From Home,462042479,Natasha,F,SIXTH WARD,42.65987,-73.77025,Entire home/apt,120,3,12,03-12-2023,0.83,2,234,4,
8.43481E+17,Center Square Serenity: 2-Bedroom Elegance,188679144,Elizabeth,F,SIXTH WARD,42.65482755,-73.76352687,Entire home/apt,99,1,2,04-09-2023,0.11,8,361,0,
8.4596E+17,Modern Cottage-Perfect for Groups!,268741708,Antoinette,A,FIRST WARD,42.63504,-73.79833,Entire home/apt,361,2,81,28-08-2024,4.58,1,96,49,
8.46586E+17,Spacious Home Away from Home!,49372011,Phil,L,TWELFTH WARD,42.67336,-73.78619,Entire home/apt,137,3,18,24-08-2024,1.06,2,237,10,
8.4946E+17,Your luxury home away from home,1761578,Grant,F,SIXTH WARD,42.65432,-73.76531,Entire home/apt,270,2,1,18-02-2024,0.15,3,239,1,
8.50173E+17,Stunning Guest Suite in Historic 1874 Row House,120815848,Phat,B,SECOND WARD,42.6446,-73.75885,Private room,95,1,121,01-09-2024,7.01,1,319,83,
8.50654E+17,"Private queen bedroom near hospitals, schools",20536619,Emily,M,THIRTEENTH WARD,42.67177,-73.79464,Private room,65,4,8,01-08-2024,0.6,5,80,5,
8.57982E+17,Updated Historic Brownstone Apt.,60293220,David,C,THIRD WARD,42.65817,-73.74935,Entire home/apt,93,2,16,09-07-2024,1.02,3,355,11,
8.70457E+17,Quiet Room Near Everything,177073982,Cristian,N,FOURTEENTH WARD,42.66128,-73.80548,Private room,55,3,4,02-03-2024,0.35,2,246,4,
8.79055E+17,Hot tub + close to everything!,24423279,Leslie,N,FOURTEENTH WARD,42.66065,-73.80439,Private room,169,7,0,,,1,263,0,
8.80291E+17,Spacious 3BR with 2BA & Laundry,49372011,Phil,K,ELEVENTH WARD,42.67355,-73.78496,Entire home/apt,134,2,24,11-08-2024,1.5,2,92,9,
8.81232E+17,Exposed Brick with Park Views,37769478,Erion,F,SIXTH WARD,42.65379,-73.76901,Entire home/apt,89,1,11,01-09-2024,0.67,10,336,3,
8.8223E+17,Modern / Downtown Albany 1 BR APT,512736975,Miguelino,J,TENTH WARD,42.6599733,-73.7747433,Entire home/apt,80,2,52,07-08-2024,3.27,1,166,41,
8.87168E+17,The Comfort II,459472925,Gabriel,C,THIRD WARD,42.66246,-73.76576,Private room,50,1,21,21-07-2024,1.38,2,358,9,
8.87179E+17,The Comfort,459472925,Gabriel,C,THIRD WARD,42.6628771,-73.7653403,Private room,50,1,21,30-06-2024,1.32,2,361,11,
8.88859E+17,Downtown Albany Apartment: Walkable Location!,121680792,Evolve,C,THIRD WARD,42.65821613,-73.75131671,Entire home/apt,101,2,12,11-08-2024,0.76,6,342,9,
8.98744E+17,"Airy 5Br-2Ba,Kids Rm, 6TVs,Pvt Fence-yard&Parking!",516414095,Rashawn,J,TENTH WARD,42.66087,-73.78655,Entire home/apt,245,2,43,19-08-2024,2.9,1,80,28,
8.99223E+17,Private Room close to Ualbany and state offices,9318285,Mesut,O,FIFTEENTH WARD,42.67579,-73.82485,Private room,65,2,1,26-07-2023,0.07,2,364,0,
9.02166E+17,2 bdrm Modern & Hip Apt w/ Patio,47625981,Linda,G,SEVENTH WARD,42.64787,-73.76707,Entire home/apt,155,1,42,11-08-2024,2.83,16,348,31,
9.02327E+17,"""The LEO Home"" Private Bedroom Four / 1 Full Bath",349460842,Scott,J,TENTH WARD,42.66174,-73.78325,Private room,63,89,0,,,10,297,0,
9.04393E+17,/Luxury Modern Western Hideout\,4259750,Peter,M,THIRTEENTH WARD,42.6652959,-73.7868778,Entire home/apt,166,1,15,19-08-2024,0.99,9,269,11,
9.05007E+17,*The Red House* 4 Bedrooms‚Ä¢Beautifully Renovated,349460842,Scott,J,TENTH WARD,42.66217,-73.78299,Entire home/apt,222,1,41,01-08-2024,2.93,10,348,38,
9.08036E+17,Modern Albany Flat,4763049,Steve,C,THIRD WARD,42.65661,-73.7514,Entire home/apt,,2,10,25-08-2024,0.69,1,0,6,
9.10156E+17,Exclusive | Suite ~ Extended Stay,6203319,Melissa,J,TENTH WARD,42.66292,-73.7909,Private room,,1,1,26-07-2023,0.07,3,0,0,
9.17511E+17,"R&R | Hospitals, Colleges + Politics",6203319,Melissa,J,TENTH WARD,42.66261,-73.79158,Private room,,1,9,01-08-2024,0.63,3,0,5,
9.1764E+17,Everything you need! Modern Gem on New Scotland,471810429,Maria,G,SEVENTH WARD,42.6519373,-73.78593012,Entire home/apt,150,1,103,15-08-2024,7.01,1,309,68,
9.19056E+17,Room for rent,502751555,Grace,E,FIFTH WARD,42.67292,-73.7776,Private room,93,1,0,,,1,364,0,
9.21076E+17,Work hard! Play hard!,521669673,Kody,C,THIRD WARD,42.6586,-73.75743,Entire home/apt,80,14,2,07-09-2023,0.15,4,266,1,
9.22634E+17,Charming 2 bdrm Apt- Home Away from Home,260986425,Connie,I,NINTH WARD,42.65483723,-73.79149619,Entire home/apt,110,3,3,24-05-2024,0.23,1,15,2,
9.28949E+17,Newly Renovated Gem in Melrose - Pet Friendly,441054845,Thaddeus,M,THIRTEENTH WARD,42.67066076,-73.79571205,Entire home/apt,66,1,41,24-08-2024,3.04,2,210,39,
9.32619E+17,Cozy space all on 1 floor close to U Albany,232967878,Diana,M,THIRTEENTH WARD,42.67294335,-73.79225343,Entire home/apt,125,1,26,11-08-2024,1.87,25,358,21,
9.32642E+17,Stylish top floor apt w/parking,232967878,Diana,M,THIRTEENTH WARD,42.67132411,-73.79247187,Entire home/apt,150,1,30,19-08-2024,2.19,25,356,25,
9.34035E+17,7,493882819,Terra,F,SIXTH WARD,42.65654926,-73.77433674,Private room,127,1,5,25-03-2024,0.37,6,354,2,
9.37838E+17,Hudson 2 at The Argus Hotel,526358730,Argus,F,SIXTH WARD,42.6586722,-73.77478693,Private room,184,1,2,31-12-2023,0.16,12,210,1,
9.37838E+17,Hudson 1 at The Argus Hotel,526358730,Argus,K,ELEVENTH WARD,42.6606,-73.77284,Private room,184,1,6,07-07-2024,0.54,12,210,6,
9.37917E+17,Hudson 3 ADA at The Argus Hotel,526358730,Argus,J,TENTH WARD,42.65908259,-73.77455698,Private room,184,1,4,24-10-2023,0.31,12,223,2,
9.37928E+17,Hudson 4 at The Argus Hotel,526358730,Argus,J,TENTH WARD,42.66043,-73.77432,Private room,184,1,0,,,12,201,0,
9.37935E+17,Hudson 5 at The Argus Hotel,526358730,Argus,F,SIXTH WARD,42.65846944,-73.77272373,Private room,184,1,3,07-07-2024,0.28,12,198,3,
9.37944E+17,Whalen Suite at The Argus Hotel,526358730,Argus,F,SIXTH WARD,42.6590802,-73.7732586,Private room,271,1,1,27-12-2023,0.12,12,198,1,
9.3796E+17,Whalen Deluxe at The Argus Hotel,526358730,Argus,J,TENTH WARD,42.66003432,-73.77320092,Private room,,1,0,,,12,206,0,
9.37967E+17,Whalen 3 at The Argus Hotel,526358730,Argus,F,SIXTH WARD,42.65856544,-73.77439829,Private room,,1,0,,,12,216,0,
9.3826E+17,Whalen 4 at The Argus Hotel,526358730,Argus,F,SIXTH WARD,42.65892659,-73.77448007,Private room,,1,0,,,12,214,0,
9.38266E+17,Knickerbocker 1 The Argus Hotel,526358730,Argus,J,TENTH WARD,42.6603672,-73.77326956,Private room,,1,0,,,12,215,0,
9.38272E+17,Knickerbocker 3 The Argus Hotel,526358730,Argus,F,SIXTH WARD,42.65868262,-73.77332643,Private room,,1,0,,,12,252,0,
9.3828E+17,Carriage House The Argus Hotel,526358730,Argus,J,TENTH WARD,42.66036253,-73.77290224,Entire home/apt,364,1,11,18-08-2024,0.84,12,181,9,
9.38421E+17,"The backroom with TV, Queen bed and extra futon",116935236,Fs,K,ELEVENTH WARD,42.6708367,-73.7853116,Private room,55,2,22,17-08-2024,1.62,4,262,18,
9.38432E+17,The little room with TV and twin bed,116935236,Fs,M,THIRTEENTH WARD,42.66973566,-73.78610658,Private room,40,2,23,02-09-2024,1.68,4,300,22,
9.38476E+17,Colorful and eclectic apartment,132766782,Kelly,L,TWELFTH WARD,42.67398204,-73.79126384,Entire home/apt,125,3,5,20-08-2024,1.08,1,268,5,
9.4275E+17,The spacious room w/ dresser/desk,116935236,Fs,K,ELEVENTH WARD,42.67033902,-73.78509801,Private room,55,2,12,25-08-2024,1.53,4,267,12,
9.50211E+17,"Historic, Spacious Mansion Suite",1717342,David,F,SIXTH WARD,42.6541815,-73.7608605,Entire home/apt,126,1,110,02-09-2024,8.59,2,234,106,
9.50614E+17,A beautiful cozy home,529844022,Shirin,A,FIRST WARD,42.63855426,-73.76927029,Entire home/apt,,1,0,,,1,0,0,
9.56423E+17,Comfy 1-Br Near Washington Park,491607190,Abba,J,TENTH WARD,42.66000843,-73.77397296,Entire home/apt,,1,17,13-05-2024,1.33,2,0,13,
9.57914E+17,"2 bedroom+home office, private parking & backyard",217254883,Ermenita,I,NINTH WARD,42.6549886,-73.7939094,Entire home/apt,140,1,79,02-09-2024,6.17,1,308,76,
9.582E+17,Oasis Garden Apt w/Queen Bed,172539578,David Yisrael,O,FIFTEENTH WARD,42.6789628,-73.81724462,Entire home/apt,141,4,11,22-08-2024,1.15,2,158,11,
9.63921E+17,Comfy studio in heart of Albany,189586864,Justin,F,SIXTH WARD,42.65240863,-73.77002141,Entire home/apt,89,1,54,02-09-2024,4.33,1,351,51,
9.66288E+17,"Modern 2-bed Apt / Hospitals, SUNY, State Office",374765317,Tanjin,O,FIFTEENTH WARD,42.67059399,-73.81678288,Entire home/apt,99,3,10,10-08-2024,0.86,1,153,10,
9.69887E+17,"1st Floor Room in grand manor with hot tub, coffee",382970529,Thomas,N,FOURTEENTH WARD,42.66877,-73.79927,Private room,65,1,47,01-09-2024,4.55,12,257,47,
9.77733E+17,Luxury Condo - Balcony - Jacuzzi,440217250,James,C,THIRD WARD,42.6539354,-73.7513252,Entire home/apt,129,180,0,,,1,229,0,
9.80034E+17,Chic Madison Parkview,241123402,JShing,F,SIXTH WARD,42.65312775,-73.76950465,Entire home/apt,125,1,16,11-08-2024,1.46,1,355,16,
9.83307E+17,The House That Pat Built,114183978,Tyrell,E,FIFTH WARD,42.66627901,-73.76511948,Entire home/apt,,2,4,18-04-2024,0.37,1,1,4,
9.84424E+17,The painting house,412416973,Virginia,B,SECOND WARD,42.64709,-73.76033,Entire home/apt,98,1,0,,,1,361,0,
9.8901E+17,Modern 1BR in a great location,75667477,Ahmad,C,THIRD WARD,42.65515516,-73.76052583,Entire home/apt,85,30,4,17-08-2024,0.35,1,240,4,
9.89897E+17,Minutes from hospitals and Universities,109133858,Priscilla,M,THIRTEENTH WARD,42.67159925,-73.79798657,Entire home/apt,218,1,1,18-02-2024,0.15,1,238,1,
9.9212E+17,Two bedroom close to colleges!,152762198,Allen,N,FOURTEENTH WARD,42.67097736,-73.80695226,Entire home/apt,101,3,14,01-08-2024,1.25,9,177,14,
9.93431E+17,Albany 3 Bedroom Apt. Sleeps 6,309980121,Ron,F,SIXTH WARD,42.65623,-73.7641152,Entire home/apt,,14,12,29-02-2024,1.1,1,0,12,
9.99162E+17,"Spacious Apartment Downtown Albany, NY",531209536,Amar,C,THIRD WARD,42.6576159,-73.75115885,Entire home/apt,151,1,20,02-09-2024,1.85,1,57,20,
1.00498E+18,Elegant Albany Retreat | Mins to D/T & UAlbany,31318080,Cindy,H,EIGHTH WARD,42.65549778,-73.81065666,Entire home/apt,187,2,25,24-08-2024,3.71,1,57,25,
1.00531E+18,Lil' Studio on Washington Park,462767507,Joshua,F,SIXTH WARD,42.65483901,-73.76743339,Entire home/apt,83,1,23,25-08-2024,2.16,3,332,23,
1.00598E+18,Massive 4BD/3BA 2-Fl Townhouse Apt Downtown Albany,44434571,Earl,B,SECOND WARD,42.6453489,-73.7536465,Entire home/apt,212,1,34,16-08-2024,3.26,7,350,34,
1.00735E+18,Top floor w/off street parking,232967878,Diana,J,TENTH WARD,42.66136555,-73.78482313,Entire home/apt,189,1,27,10-08-2024,2.65,25,266,27,
1.01076E+18,Cozy 3rd Floor Room in Historic Manor Retreat,382970529,Thomas,M,THIRTEENTH WARD,42.67002776,-73.79770542,Private room,60,1,42,06-08-2024,4.09,12,239,42,
1.01076E+18,Cozy 3rd Floor Room in Historic Manor Retreat,382970529,Thomas,M,THIRTEENTH WARD,42.66970961,-73.79754999,Private room,60,1,40,27-08-2024,3.92,12,233,40,
1.01366E+18,Cozy 2nd Floor Room in Historic Manor Retreat,382970529,Thomas,N,FOURTEENTH WARD,42.66873117,-73.79930289,Private room,65,1,18,18-08-2024,1.77,12,169,18,
1.01474E+18,Newly Renovated Modern Look Historical Building,51050977,Manny,I,NINTH WARD,42.6572643,-73.7769051,Entire home/apt,63,5,1,29-06-2024,0.43,1,8,1,
1.01487E+18,Mini Mansion,509662927,Sergio,H,EIGHTH WARD,42.64549439,-73.83282736,Entire home/apt,423,1,38,25-08-2024,3.81,1,307,38,
1.01539E+18,Á∫ΩÁ∫¶Â∑ûÈ¶ñÂ∫úÁöÑÊ∏©È¶®Â∞èÂ±ã,182509542,Yan,I,NINTH WARD,42.6558992,-73.7965699,Private room,24,1,0,,,1,83,0,
1.01605E+18,Heart of Albany - Downtown Near Everything,42708277,Rodney,F,SIXTH WARD,42.6553868,-73.76416369,Entire home/apt,101,1,21,10-08-2024,2.06,6,113,21,
1.0183E+18,Spacious 2nd Floor Room in Historic Manor Retreat,382970529,Thomas,M,THIRTEENTH WARD,42.6699609,-73.79815654,Private room,65,1,51,25-08-2024,5.12,12,252,51,
1.01897E+18,1 Comfy Bedroom Across the Park,37769478,Erion,F,SIXTH WARD,42.6535,-73.77046,Entire home/apt,73,1,40,21-07-2024,4.11,10,347,40,
1.02052E+18,Downtown Studio,233515764,Etem,B,SECOND WARD,42.6471388,-73.75466082,Entire home/apt,77,1,75,02-09-2024,8.21,4,66,75,
1.02099E+18,*N E W* Spacious Prime DT 1 Bedroom Apt w GYM,47625981,Linda,C,THIRD WARD,42.65859809,-73.76420636,Entire home/apt,120,1,9,02-08-2024,0.95,16,261,9,
1.02101E+18,*N E W* Modern 1 Bedroom RARE Apt w GYM,47625981,Linda,C,THIRD WARD,42.659707,-73.76382105,Entire home/apt,122,1,20,15-08-2024,2.16,16,254,20,
1.02305E+18,Great home in Albany,496990578,Brian,K,ELEVENTH WARD,42.66838,-73.77868,Entire home/apt,115,2,46,31-08-2024,4.96,1,65,46,
1.02853E+18,The Emerald Escape | Two Bed Apartment,462767507,Joshua,F,SIXTH WARD,42.65487398,-73.76519869,Entire home/apt,165,3,9,27-04-2024,0.94,3,205,9,
1.03472E+18,"*Huge, bright, private 2Bedroom*",130404008,Michael,C,THIRD WARD,42.6571053,-73.75132909,Entire home/apt,87,14,1,31-07-2024,0.81,1,32,1,
1.04012E+18,Good Vibes Only,519143007,Philip,K,ELEVENTH WARD,42.67368029,-73.78413108,Entire home/apt,62,1,49,25-08-2024,5.59,1,162,49,
1.04062E+18,Safe - Sweet -Serene - Long Term,42708277,Rodney,F,SIXTH WARD,42.65446888,-73.76077862,Entire home/apt,103,1,30,12-08-2024,3.61,6,153,30,
1.04119E+18,"Great Value for Groups!  5 Beds!  W/D, & Driveway!",65282034,Michael,J,TENTH WARD,42.66106893,-73.7897306,Entire home/apt,118,2,22,23-08-2024,2.48,1,26,22,
1.04357E+18,2 bed room Apartment,212885959,Osas,B,SECOND WARD,42.63975708,-73.75705214,Entire home/apt,110,1,13,28-08-2024,1.88,1,245,13,
1.0437E+18,Charming 1920s house sleeps 6-7,30218591,Rebecca,O,FIFTEENTH WARD,42.6743202,-73.81555184,Entire home/apt,1750,2,0,,,1,114,0,
1.04646E+18,Spacious & Comfortable Bedroom,192312997,Natasha,K,ELEVENTH WARD,42.67169076,-73.78828314,Private room,85,1,5,29-06-2024,1.56,1,269,5,
1.05154E+18,Renovated Cozy 1920‚Äôs Apartment,31994990,G.G.,G,SEVENTH WARD,42.64478211,-73.77639568,Entire home/apt,53,28,0,,,2,151,0,
1.05238E+18,Charming Bungalow in Albany!,52464523,Dashima,A,FIRST WARD,42.64081288,-73.77462753,Entire home/apt,120,30,4,30-06-2024,0.48,1,149,4,
1.05607E+18,two private bedrooms near hospitals & schools,20536619,Emily,M,THIRTEENTH WARD,42.67140385,-73.79431184,Private room,102,3,1,22-08-2024,1,5,61,1,
1.05647E+18,"Bonjour, Bienvenue A Chez Pierre",553112010,Linda,L,TWELFTH WARD,42.71489626,-73.87648859,Private room,103,2,0,,,1,268,0,
1.05793E+18,Apt,217818949,Nickolas,D,FOURTH WARD,42.6631159,-73.73810329,Shared room,105,1,1,05-02-2024,0.14,1,269,1,
1.06181E+18,Massive 5BD/4BA 3-Story Duplex @ Downtown Albany,44434571,Earl,B,SECOND WARD,42.64418,-73.75316,Entire home/apt,356,1,10,25-08-2024,1.53,7,276,10,
1.06253E+18,private twin room prime location,20536619,Emily,M,THIRTEENTH WARD,42.67096068,-73.79513938,Private room,59,4,6,29-08-2024,0.83,5,61,6,
1.07278E+18,The Bluebird‚Äôs Nest,426223840,Antonio,K,ELEVENTH WARD,42.66391566,-73.77786946,Entire home/apt,91,1,32,12-08-2024,4.47,1,151,32,
1.07318E+18,In the heart of Albany,31994990,G.G.,G,SEVENTH WARD,42.64472876,-73.77641183,Entire home/apt,53,20,1,04-08-2024,0.91,2,271,1,
1.07544E+18,The Tangerine Door,542733174,Rebecca,L,TWELFTH WARD,42.67908162,-73.79504903,Entire home/apt,139,2,13,17-08-2024,1.81,1,84,13,
1.07974E+18,Lark St Oasis: Parking & Laundry,119340359,Lori,F,SIXTH WARD,42.65607074,-73.76345323,Entire home/apt,137,28,6,10-03-2024,0.9,2,92,6,
1.09078E+18,Newly renovated cozy apartment !,521669673,Kody,C,THIRD WARD,42.65975214,-73.76311389,Entire home/apt,68,14,0,,,4,268,0,
1.0908E+18,Work hard and relax !,521669673,Kody,C,THIRD WARD,42.65874241,-73.76302093,Entire home/apt,68,14,0,,,4,268,0,
1.09142E+18,2 bed with parking off Madison,232967878,Diana,J,TENTH WARD,42.65988162,-73.78485791,Entire home/apt,105,2,11,12-08-2024,2.01,25,58,11,
1.0915E+18,Triplex oasis w:parking near MVP,232967878,Diana,B,SECOND WARD,42.6432406,-73.75805243,Entire home/apt,87,2,27,21-08-2024,4.26,25,73,27,
1.0972E+18,Entire Apartment in Albany NY (1 bedroom).,360806709,Gloria,G,SEVENTH WARD,42.64148496,-73.77925047,Entire home/apt,80,1,7,02-09-2024,6.56,1,141,7,
1.098E+18,New Center square studio,232967878,Diana,F,SIXTH WARD,42.65268877,-73.76567402,Entire home/apt,92,2,21,20-08-2024,3.5,25,52,21,
1.10088E+18,"Homey, Quiet 2BR W/ Washer Dryer",152762198,Allen,N,FOURTEENTH WARD,42.6700796,-73.80691103,Entire home/apt,100,3,10,26-08-2024,2.07,9,167,10,
1.10298E+18,Lovely 1 bedroom across the Park,37769478,Erion,F,SIXTH WARD,42.65288614,-73.76834284,Entire home/apt,77,1,29,01-09-2024,4.83,10,174,29,
1.10498E+18,Sunny 2nd Floor Room in Historic Manor Retreat,382970529,Thomas,M,THIRTEENTH WARD,42.66943099,-73.79881962,Private room,65,1,43,24-08-2024,7.05,12,182,43,
1.1053E+18,Downtown Brownstone with a View!,14817455,Matt,C,THIRD WARD,42.65749261,-73.75262964,Entire home/apt,140,7,0,,,1,248,0,
1.10806E+18,downtown,539608284,Joyhefsiba,C,THIRD WARD,42.66141062,-73.76361116,Private room,70,1,0,,,1,364,0,
1.11122E+18,Historical Pastures,418250661,Stephanie,C,THIRD WARD,42.6564469,-73.7507251,Entire home/apt,116,3,5,12-05-2024,0.9,1,263,5,
1.11408E+18,Apartment in the heart of Albany near Hospitals,32379616,Fabiola,C,THIRD WARD,42.66448731,-73.76899562,Entire home/apt,67,28,0,,,3,253,0,
1.11969E+18,Serene 1BR Escape: Walk to Eateries & Parks in ALB,472965048,Matt,F,SIXTH WARD,42.65347719,-73.76369544,Entire home/apt,95,1,3,03-06-2024,0.59,2,177,3,
1.11984E+18,1 bed 1 bath Apartment,477328400,Tyler,G,SEVENTH WARD,42.64885,-73.76523,Entire home/apt,96,1,30,18-08-2024,7.2,1,77,30,
1.12021E+18,"Walkable 1BR Apt w| Fire Pit, Near Empire Plaza!",472965048,Matt,F,SIXTH WARD,42.6519411,-73.76525909,Entire home/apt,92,1,14,27-08-2024,2.64,2,177,14,
1.1217E+18,Cozy apartment in Albany,1761578,Grant,F,SIXTH WARD,42.65314409,-73.76545807,Entire home/apt,100,2,3,31-07-2024,0.6,3,182,3,
1.12323E+18,"Modern home, King Bed, parking",10279606,Nori,O,FIFTEENTH WARD,42.66901217,-73.82402339,Entire home/apt,130,1,14,18-08-2024,2.98,2,245,14,
1.12456E+18,Charming 1BR Near Capitol-Dwntwn,46312980,Robert,B,SECOND WARD,42.646032,-73.760482,Entire home/apt,85,3,2,17-08-2024,0.63,2,167,2,
1.12463E+18,Modern Duplex - Historical Home,46312980,Robert,B,SECOND WARD,42.646032,-73.760482,Entire home/apt,110,3,3,10-08-2024,0.63,2,169,3,
1.12833E+18,Downtown Albany Vacation Rental - Chic & Walkable!,121680792,Evolve,C,THIRD WARD,42.65693547,-73.75448566,Entire home/apt,,2,3,28-07-2024,1.01,6,0,3,
1.12839E+18,Welcome home travelers,502037254,Andrew,G,SEVENTH WARD,42.64893023,-73.76885853,Entire home/apt,85,25,2,03-08-2024,0.86,3,61,2,
1.12901E+18,Walk to Albany Med & Restaurants,30883612,Mary,I,NINTH WARD,42.65445038,-73.78924226,Entire home/apt,125,30,0,,,2,269,0,
1.13126E+18,"Modern 2 BR near Hospitals, Colleges, Airport",440509865,John,O,FIFTEENTH WARD,42.6748535,-73.81692445,Entire home/apt,180,1,7,25-08-2024,7,1,344,7,
1.13494E+18,Calling all travelers,521669673,Kody,C,THIRD WARD,42.65909028,-73.75690831,Entire home/apt,85,14,1,03-05-2024,0.24,4,202,1,
1.13581E+18,Cozy Bedrooms in Albany,522436003,Adriana,M,THIRTEENTH WARD,42.6689614,-73.7890379,Private room,75,7,0,,,3,142,0,
1.13643E+18,"""The LEO Home"" Private Bedroom One / 1 Full Bath",349460842,Scott,M,THIRTEENTH WARD,42.66367775,-73.78128135,Private room,50,60,0,,,10,307,0,
1.13899E+18,Funky space close to MVP center,232967878,Diana,B,SECOND WARD,42.64478768,-73.75652666,Entire home/apt,110,2,5,21-08-2024,1.14,25,0,5,
1.14153E+18,North Allen,522436003,Adriana,M,THIRTEENTH WARD,42.6689614,-73.7890379,Private room,,7,0,,,3,245,0,
1.14283E+18,Safe Comfy Cozy 2 bedrooms.,574235481,Lavern,A,FIRST WARD,42.64093633,-73.7767026,Entire home/apt,,2,4,06-07-2024,0.97,1,0,4,
1.14283E+18,Great area-Patio-Off Street Parking-Quiet,129023424,Riccardo,M,THIRTEENTH WARD,42.67105173,-73.79950114,Entire home/apt,119,4,4,09-06-2024,1.18,1,217,4,
1.14624E+18,Larson Green,233515764,Etem,F,SIXTH WARD,42.6524924,-73.7674361,Entire home/apt,99,1,20,25-08-2024,4.92,4,57,20,
1.14635E+18,491 Washington Ave FL1Rare,575030103,Rehan,K,ELEVENTH WARD,42.66259,-73.7733,Private room,55,2,8,28-08-2024,2,2,248,8,
1.14709E+18,Larson Blue,233515764,Etem,F,SIXTH WARD,42.65273562,-73.767787,Entire home/apt,95,1,31,02-09-2024,7.38,4,75,31,
1.15061E+18,Albany historic Washington Park,576083630,Joseph,F,SIXTH WARD,42.6586049,-73.7680329,Entire home/apt,118,2,6,18-08-2024,1.57,1,82,6,
1.15806E+18,"""The Gorgeous Allen Home"" Private Bedroom/1.5 Bath",349460842,Scott,J,TENTH WARD,42.66428,-73.79249,Private room,56,60,0,,,10,269,0,
1.15824E+18,Funky loft studio,502037254,Andrew,C,THIRD WARD,42.65844515,-73.75925922,Entire home/apt,68,30,0,,,3,136,0,
1.1604E+18,Room in Albany near Hospitals,32379616,Fabiola,J,TENTH WARD,42.6605291,-73.7831549,Private room,45,15,0,,,3,269,0,
1.16465E+18,*New* Cozy Apt Bright + Modern W/D,47625981,Linda,G,SEVENTH WARD,42.64727113,-73.76757791,Entire home/apt,119,1,3,29-07-2024,1.32,16,358,3,
1.16951E+18,/A luxuryhome Near NYSCapital sleeps 10+W/D Grill\,580892646,Crystal,B,SECOND WARD,42.64443759,-73.75686069,Entire home/apt,282,2,2,11-08-2024,1.22,3,172,2,
1.17038E+18,/An Oasis 8 ppl Yard Grill W/D\,580892646,Crystal,B,SECOND WARD,42.64349359,-73.7590572,Entire home/apt,219,2,2,31-07-2024,0.9,3,170,2,
1.1718E+18,Walk to convention center:Lark St:Capital,232967878,Diana,F,SIXTH WARD,42.65408,-73.76628,Entire home/apt,165,1,8,20-08-2024,2.7,25,259,8,
1.17189E+18,/A spacious suite: King/Queen beds Grill WD yard\,580892646,Crystal,B,SECOND WARD,42.64462142,-73.75764233,Private room,73,2,0,,,3,172,0,
1.17339E+18,New near major medical facility,232967878,Diana,G,SEVENTH WARD,42.64364,-73.77828,Entire home/apt,250,2,4,16-08-2024,2.5,25,84,4,
1.17454E+18,"Spacious, Modern Gem in Melrose - Pet Friendly",441054845,Thaddeus,M,THIRTEENTH WARD,42.6689417,-73.79548749,Entire home/apt,106,1,17,02-09-2024,6.22,2,226,17,
1.17524E+18,Furnished 4 bed vintage home,20536619,Emily,M,THIRTEENTH WARD,42.67275833,-73.79332155,Entire home/apt,,20,0,,,5,0,0,
1.18257E+18,Limited Time Listing,42708277,Rodney,F,SIXTH WARD,42.6534205,-73.7639758,Entire home/apt,108,1,7,09-08-2024,2.84,6,72,7,
1.18346E+18,Upscale Listing-Heart of Albany,42708277,Rodney,F,SIXTH WARD,42.65226593,-73.76459669,Entire home/apt,100,1,8,19-08-2024,4.29,6,81,8,
1.18346E+18,Upscale Listing Prime Location,42708277,Rodney,F,SIXTH WARD,42.65239945,-73.76350927,Entire home/apt,101,1,2,16-08-2024,0.85,6,77,2,
1.18466E+18,NEW studio w/2 beds near MVP,232967878,Diana,B,SECOND WARD,42.64342,-73.75652,Entire home/apt,145,1,4,17-08-2024,1.71,25,86,4,
1.18554E+18,Empire Plaza Apartment,29483818,Ben,F,SIXTH WARD,42.65326823,-73.76180977,Entire home/apt,65,1,23,29-08-2024,10.3,1,70,23,
1.18559E+18,"""The Gorgeous Allen Home"" Private Bedroom/1.5 Bath",349460842,Scott,N,FOURTEENTH WARD,42.66611619,-73.79274786,Private room,70,30,0,,,10,269,0,
1.18759E+18,House near major medical center,232967878,Diana,I,NINTH WARD,42.65501821,-73.79182923,Entire home/apt,200,1,5,17-08-2024,2.42,25,70,5,
1.18925E+18,Beautiful 2 Bedroom with Parking,37769478,Erion,F,SIXTH WARD,42.65332584,-73.77109775,Entire home/apt,111,1,0,,,10,240,0,
1.18925E+18,Lovely 1 Bedroom with Parking,37769478,Erion,J,TENTH WARD,42.6621502,-73.79048392,Entire home/apt,86,1,7,30-08-2024,3.89,10,355,7,
1.19147E+18,Shanawaz family home,478739541,Shanawaz,H,EIGHTH WARD,42.65777,-73.8177,Private room,90,1,2,19-07-2024,1.07,1,364,2,
1.1919E+18,Room in a large 3 bedroom house.,32379616,Fabiola,J,TENTH WARD,42.6605291,-73.7831549,Private room,52,28,0,,,3,357,0,
1.1928E+18,Privateroom with shared bathroom,382446799,Elizabeth,I,NINTH WARD,42.65541523,-73.78155084,Private room,46,1,1,12-08-2024,1,1,263,1,
1.19646E+18,Albany Vacation Rental w/ State Capitol Views!,121680792,Evolve,F,SIXTH WARD,42.65520543,-73.76497238,Entire home/apt,215,5,0,,,6,244,0,
1.19859E+18,"""The LEO Home"" Private Bedroom Two / 1 Full Bath",349460842,Scott,J,TENTH WARD,42.66268571,-73.78162483,Private room,50,60,0,,,10,126,0,
1.20153E+18,Traveling Medical Professionals,413566290,Victoria,I,NINTH WARD,42.65506736,-73.79768461,Private room,68,2,4,01-09-2024,2.55,1,100,4,
1.2087E+18,‚ÄúThe Gorgeous Allen Home‚Äù Private Bedroom/1.5 Bath,349460842,Scott,J,TENTH WARD,42.66389939,-73.79269685,Private room,36,30,0,,,10,313,0,
1.20931E+18,"Large private queen room near schools, hospitals",20536619,Emily,M,THIRTEENTH WARD,42.67318391,-73.79345136,Private room,71,3,0,,,5,83,0,
1.21088E+18,Charming Home,147780154,Julia,H,EIGHTH WARD,42.65812206,-73.81912026,Entire home/apt,199,3,0,,,1,358,0,
1.21191E+18,The Ladies Playground,512321530,Rashiek,K,ELEVENTH WARD,42.6608093,-73.76840948,Entire home/apt,200,1,0,,,1,364,0,
1.2233E+18,Cozy Remote Workplace,42708277,Rodney,J,TENTH WARD,42.66118521,-73.77535865,Entire home/apt,100,1,0,,,6,82,0,
1.22342E+18,2BR condo 10 min walk to capitol,1176120,Julia,C,THIRD WARD,42.65737433,-73.75741213,Entire home/apt,104,1,3,23-08-2024,3,3,346,3,
1.22385E+18,"493 Washington Ave, Albany 12206, 1st Floor",575030103,Rehan,K,ELEVENTH WARD,42.6633254,-73.7742255,Entire home/apt,110,3,0,,,2,341,0,
1.22398E+18,"Apartment w/ Deck in Albany, Walk to Downtown!",121680792,Evolve,F,SIXTH WARD,42.65678876,-73.76333638,Entire home/apt,85,2,1,21-08-2024,1,6,333,1,
1.22418E+18,Cozy bedroom,522436003,Adriana,M,THIRTEENTH WARD,42.66859194,-73.78832379,Private room,48,1,0,,,3,347,0,
1.22749E+18,/Audubon Apartment\ 3bed 1bath built1928 Pine Hill,52123673,Joseph,M,THIRTEENTH WARD,42.66955,-73.78542,Entire home/apt,202,3,0,,,1,363,0,
1.22929E+18,The Crimson Retreat,562084689,Antonio,J,TENTH WARD,42.66095103,-73.77812775,Entire home/apt,136,1,0,,,4,362,0,
1.2293E+18,It's Like a Treehouse,562084689,Antonio,J,TENTH WARD,42.66104084,-73.77970729,Entire home/apt,143,1,0,,,4,359,0,
1.22932E+18,Canary Nest,562084689,Antonio,K,ELEVENTH WARD,42.66441853,-73.77678146,Entire home/apt,142,1,0,,,4,359,0,
1.22934E+18,Indigo Bunting Nest,562084689,Antonio,K,ELEVENTH WARD,42.66319,-73.77897,Entire home/apt,120,1,0,,,4,355,0,
1.23337E+18,Larson Gold,233515764,Etem,F,SIXTH WARD,42.65173167,-73.76785884,Entire home/apt,70,1,0,,,4,64,0,
1.23721E+18,Home,564920866,Sameen,M,THIRTEENTH WARD,42.67030359,-73.79391854,Private room,52,1,0,,,1,362,0,
1.23796E+18,Tasteful‚Ä¶in more ways than one!,382970529,Thomas,F,SIXTH WARD,42.65507057,-73.76151133,Entire home/apt,96,2,0,,,12,360,0,
